set,ms,type
backburner,92.232,compile
backburner,1549.068,js
backburner,1978.689,duration
backburner,95.897,compile
backburner,1531.405,js
backburner,2017.024,duration
backburner,98.287,compile
backburner,1512.359,js
backburner,1987.598,duration
backburner,96.103,compile
backburner,1541.501,js
backburner,2034.118,duration
backburner,95.205,compile
backburner,1515.738,js
backburner,2015.429,duration
backburner,96.812,compile
backburner,1502.675,js
backburner,2000.483,duration
backburner,95.774,compile
backburner,1572.626,js
backburner,2063.265,duration
backburner,95.734,compile
backburner,1517.268,js
backburner,2005.964,duration
backburner,93.064,compile
backburner,1542.188,js
backburner,2022.377,duration
backburner,94.829,compile
backburner,1502.762,js
backburner,1986.749,duration
backburner,94.975,compile
backburner,1547.545,js
backburner,2048.231,duration
backburner,97.581,compile
backburner,1554.603,js
backburner,2044.098,duration
backburner,99.83,compile
backburner,1510.798,js
backburner,1998.044,duration
backburner,100.499,compile
backburner,1526.586,js
backburner,2010.225,duration
backburner,103.76,compile
backburner,1529.926,js
backburner,2013.239,duration
backburner,95.519,compile
backburner,1511.901,js
backburner,2007.595,duration
backburner,99.508,compile
backburner,1539.918,js
backburner,2026.856,duration
backburner,98.214,compile
backburner,1504.706,js
backburner,1978.288,duration
backburner,94.184,compile
backburner,1517.472,js
backburner,2000.168,duration
backburner,98.263,compile
backburner,1509.441,js
backburner,1977.468,duration
backburner,99.924,compile
backburner,1633.391,js
backburner,2123.953,duration
backburner,95.247,compile
backburner,1501.287,js
backburner,1980.954,duration
backburner,97.113,compile
backburner,1557.973,js
backburner,2032.777,duration
backburner,93.439,compile
backburner,1510.185,js
backburner,1991.712,duration
backburner,99.404,compile
backburner,1505.991,js
backburner,1985.923,duration
backburner,95.738,compile
backburner,1513.498,js
backburner,1993.513,duration
backburner,95.244,compile
backburner,1509.141,js
backburner,1987.78,duration
backburner,97.295,compile
backburner,1529.143,js
backburner,2007.123,duration
backburner,97.6,compile
backburner,1486.989,js
backburner,1976.66,duration
backburner,100.476,compile
backburner,1505.594,js
backburner,1984.014,duration
backburner,94.537,compile
backburner,1534.16,js
backburner,2022.363,duration
backburner,93.876,compile
backburner,1503.349,js
backburner,1998.045,duration
backburner,96.817,compile
backburner,1514.95,js
backburner,1996.828,duration
backburner,95.749,compile
backburner,1549.525,js
backburner,2030.31,duration
backburner,95.641,compile
backburner,1508.79,js
backburner,1995.253,duration
backburner,95.824,compile
backburner,1514.148,js
backburner,1997.286,duration
backburner,142.064,compile
backburner,1597.575,js
backburner,2090.75,duration
backburner,101.057,compile
backburner,1543.3,js
backburner,2030.84,duration
backburner,100.243,compile
backburner,1514.185,js
backburner,2025.887,duration
backburner,96.847,compile
backburner,1505.964,js
backburner,1985.18,duration
backburner,93.558,compile
backburner,1548.211,js
backburner,2034.412,duration
backburner,99.685,compile
backburner,1622.897,js
backburner,2161.019,duration
backburner,93.105,compile
backburner,1515.344,js
backburner,2003.537,duration
backburner,94.13,compile
backburner,1523.543,js
backburner,1981.589,duration
backburner,100.193,compile
backburner,1546.73,js
backburner,2030.493,duration
backburner,98.903,compile
backburner,1550.966,js
backburner,2024.611,duration
backburner,103.68,compile
backburner,1505.28,js
backburner,1994.578,duration
backburner,99.67,compile
backburner,1529.739,js
backburner,2019.223,duration
backburner,94.186,compile
backburner,1522.476,js
backburner,2000.334,duration
backburner,102.988,compile
backburner,1513.971,js
backburner,1989.205,duration
control,94.322,compile
control,1596.962,js
control,2030.728,duration
control,94.591,compile
control,1524.243,js
control,1978.573,duration
control,98.71,compile
control,1535.958,js
control,1995.081,duration
control,96.285,compile
control,1491.219,js
control,1938.328,duration
control,95.857,compile
control,1535.48,js
control,1980.632,duration
control,96.733,compile
control,1627.058,js
control,2068.224,duration
control,103.307,compile
control,1570.603,js
control,2012.713,duration
control,94.459,compile
control,1534.465,js
control,2001.25,duration
control,100.204,compile
control,1547.345,js
control,1998.529,duration
control,101.466,compile
control,1617.26,js
control,2087.474,duration
control,98.108,compile
control,1509.899,js
control,2003.862,duration
control,95.661,compile
control,1553.453,js
control,1986.421,duration
control,102.748,compile
control,1561.905,js
control,2006.624,duration
control,96.41,compile
control,1517.701,js
control,1995.559,duration
control,94.118,compile
control,1484.83,js
control,1965.532,duration
control,96.788,compile
control,1477.366,js
control,1971.066,duration
control,95.393,compile
control,1554.722,js
control,2000.285,duration
control,93.99,compile
control,1487.454,js
control,1967.049,duration
control,101.493,compile
control,1551.988,js
control,1985.817,duration
control,93.952,compile
control,1498.095,js
control,1973.844,duration
control,124.726,compile
control,1559.599,js
control,2044.531,duration
control,95.345,compile
control,1468.012,js
control,1935.994,duration
control,96.556,compile
control,1516.5,js
control,1987.285,duration
control,94.297,compile
control,1528.609,js
control,1966.5,duration
control,98.838,compile
control,1512.723,js
control,1984.726,duration
control,97.316,compile
control,1549.373,js
control,2081.986,duration
control,99.709,compile
control,1564.904,js
control,2000.003,duration
control,97.39,compile
control,1491.54,js
control,1960.446,duration
control,96.936,compile
control,1537.933,js
control,1973.735,duration
control,95.842,compile
control,1490.573,js
control,1967.524,duration
control,95.795,compile
control,1611.319,js
control,2144.791,duration
control,96.185,compile
control,1507.475,js
control,2003.469,duration
control,96.316,compile
control,1494.912,js
control,1973.919,duration
control,95.941,compile
control,1486.474,js
control,1961.08,duration
control,97.509,compile
control,1549.842,js
control,1988.958,duration
control,96.813,compile
control,1549.657,js
control,1986.928,duration
control,94.487,compile
control,1490.796,js
control,1970.732,duration
control,97.686,compile
control,1535.687,js
control,1975.382,duration
control,97.936,compile
control,1555.977,js
control,1992.049,duration
control,96.906,compile
control,1497.04,js
control,1979.853,duration
control,116.118,compile
control,1558.32,js
control,2044.987,duration
control,96.626,compile
control,1485.691,js
control,1957.475,duration
control,96.42,compile
control,1484.153,js
control,1950.631,duration
control,94.778,compile
control,1538.349,js
control,1974.596,duration
control,99.089,compile
control,1475.878,js
control,1962.434,duration
control,94.636,compile
control,1485.61,js
control,1962.133,duration
control,110.709,compile
control,1610.214,js
control,2081.251,duration
control,102.348,compile
control,1580.63,js
control,2017.843,duration
control,94.769,compile
control,1482.591,js
control,1954.193,duration
control,94.808,compile
control,1471.818,js
control,1947.988,duration
